<?xml version="1.0" encoding="UTF-8"?><?xml-stylesheet type='text/xsl' href='_UpgradeReport_Files/UpgradeReport.xslt'?><UpgradeLog>
<Properties><Property Name="Solution" Value="PacDriveDemo">
</Property><Property Name="Solution File" Value="C:\Users\Headsoft\Documents\Visual Studio 2008\Projects\General\PacDriveSDK\VB.NET\PacDriveDemo.sln">
</Property><Property Name="Date" Value="Monday, 10 March 2014">
</Property><Property Name="Time" Value="2:18 AM">
</Property></Properties><Event ErrorLevel="0" Project="PacDriveDemo" Source="PacDriveDemo.vbproj" Description="Project converted successfully">
</Event><Event ErrorLevel="3" Project="PacDriveDemo" Source="PacDriveDemo.vbproj" Description="Converted">
</Event><Event ErrorLevel="0" Project="" Source="PacDriveDemo.sln" Description="Solution converted successfully">
</Event><Event ErrorLevel="3" Project="" Source="PacDriveDemo.sln" Description="Converted">
</Event><Event ErrorLevel="0" Project="PacDriveDemo" Source="PacDriveDemo.vbproj" Description="Scan complete: Upgrade not required for project files.">
</Event></UpgradeLog>